question_id,answer
Q01,"Earned Leave (EL) builds up each month as follows:

- **After completing your first year of continuous service (with at least 240 days worked)** you become eligible for a block of 15 days of EL.  
- **From that point onward, EL accrues at **`1.25 days per month`.  

- **If you are still in your probation period**, EL accrues at a reduced rate of **0.5 days per month**; these days become usable only after your probation is confirmed.  

So, once you’re a regular employee (post‑probation and past the first‑year milestone), you add **1.25 EL days each month** to your balance."
Q02,"I’m sorry, but I don’t have that information."
Q03,"You are entitled to **26 weeks of paid Maternity Leave** for your first or second live birth (provided you have at least 80 days of service in the 12 months before the expected delivery date).  

For a third child, the entitlement is **12 weeks of paid Maternity Leave**."
Q04,"Yes. According to Zyro Dynamics’ leave policy, a medical certificate is required **only when you take sick leave for more than 2 consecutive days**. The certificate must be from a registered medical practitioner and submitted within 3 working days of your return to work. If your sick leave is 2 days or fewer, a medical certificate is not needed."
Q05,"Your salary (and any professional fees) is processed and credited to your registered bank account **by the 7th of the following month**.  

If there are any changes to this payment date for a particular month, the Payroll team will inform you in advance."
Q06,The salary (CTC) range for an **L4 – Senior** employee is **₹16.0 Lakh to ₹26.0 Lakh per annum**.
Q07,"The company provides **Group Medical Insurance** with coverage of up to **₹5,00,000 per year** for:

- The employee  
- The employee’s spouse  
- Up to two dependent children  

All premiums for this coverage are fully paid by Zyro Dynamics."
Q08,You will be placed on a Performance Improvement Plan if you receive a rating of **1 (Does Not Meet Expectations) or 2 (Partially Meets Expectations) in two consecutive performance‑review cycles**.
Q09,"The Annual Performance Review (APR) is conducted **once a year, in March**."
Q10,"Based on Zyro Dynamics’ Work‑From‑Home (WFH) policy:

- **Permanent employees at grade L3 or higher** are eligible for WFH arrangements (subject to any additional approvals that may be required).  
- **Employees at grades L1 and L2**, those on probation, or those deployed at client sites are **not eligible** for WFH unless they receive written approval from the HR Director on a case‑by‑case basis.

So, if you are a permanent employee at **grade L3 or above**, you are eligible to work from home. If you are at **grade L1 or L2**, or you are on probation or working at a client site, you would need special written approval to be eligible."
Q11,"**Yes, you may accept a gift from a client or vendor, but only under the conditions set out in the **ZDL‑HR‑004 **Code of Conduct**:**

| Gift Value | What You May Do | Required Action |
|------------|----------------|-----------------|
| **Up to Rs. 1,000** | Accept the gift | Declare it to your reporting manager |
| **Over Rs. 1,000** | Do **not** accept | Politely decline the gift or surrender it to HR |

**Additional points to keep in mind**

- **Cash** from any party is never acceptable – it triggers immediate disciplinary action.  
- If the gift is a **branded item** you are giving to a client, it must be pre‑approved by Finance and its value must be under Rs. 2,000 per item (this does not affect receiving gifts).  

So, you can accept a client or vendor gift **only if its value is Rs. 1,000 or less**, and you must inform your reporting manager about it. Gifts above that threshold must be declined or turned over to HR."
Q12,"**Password rules for Zyro Dynamics company systems**

- **Minimum length:** 12 characters  
- **Complexity:** Must include uppercase letters, lowercase letters, at least one number, and one special character  
- **Expiration:** Must be changed every 90 days  
- **Reuse restriction:** The last 12 passwords cannot be reused  
- **Multi‑factor authentication (MFA):** Mandatory for all company systems, without exception  
- **Credential sharing:** Strictly prohibited and subject to immediate disciplinary action  "
Q13,"**How to raise a POSH complaint at Zyro Dynamics**

1. **Submit a written complaint**  
   - Send your complaint to the Internal Complaints Committee (ICC) **by email or a sealed letter**.  
   - It must be filed **within 3 months of the incident** (or the last incident in a series).  
   - In exceptional cases you can request an extension; the ICC may grant **an additional 3 months** if you provide a written application with reasons.

2. **What happens after you submit it**  

| Step | Action | Timeframe |
|------|--------|-----------|
| 1 | ICC acknowledges receipt of your complaint and forwards a copy to the respondent (the person accused) | **Within 7 working days** |
| 2 | Respondent is given the opportunity to submit a written response | **Within 10 working days** of receiving the complaint |
| 3 | ICC conducts the inquiry (hearings of both parties, witnesses, etc.) | As per the ICC’s schedule, after the response period |

**Key timeline at a glance**

- **Complaint filing deadline:** ≤ 3 months from the incident (extendable up to another 3 months with written request).  
- **ICC acknowledgment:** ≤ 7 working days after receipt"
Q14,"The notice period you must serve depends on your grade level:

| Grade | Notice Period |
|-------|---------------|
| **L1 – L3** | 30 days (no buy‑out option) |
| **L4 – L6** | 60 days (buy‑out available at the Company’s discretion) |
| **L7 – L9** | 90 days (buy‑out available at the Company’s discretion) |
| **L10 (C‑Suite)** | 90 days (as per your individual employment contract) |

**How to submit your resignation**

1. Provide written notice to your reporting manager **and** HR.  
2. Submit the notice through the **ZyroHR portal**.  
3. HR will confirm your resignation in writing.

If you’re unsure of your grade or need clarification on the buy‑out option for your level, please let me know your grade or contact HR directly."
Q15,"Here are the international‑travel entitlements for hotel and daily allowance, based on your grade level:

| Grade | Hotel per Night (USD) | Daily Allowance (USD) |
|-------|-----------------------|-----------------------|
| L3‑L4 | USD 120 | USD 60 |
| L5‑L6 | USD 180 | USD 90 |
| L7‑L8 | USD 220 | USD 120 |
| L9‑L10| USD 350 | USD 200 |

Please check your grade (L3‑L10) in the HR system, and then you can see the exact hotel and daily‑allowance amounts that apply to you. If you need help locating your grade, let me know!"
Q16,"I’m sorry, but I don’t have that information."
Q17,The Employee Stock Options (ESOP) have a **4‑year vesting schedule with a 1‑year cliff**.
Q18,"I’m sorry, but I don’t have that information."
Q19,"I’m sorry, but I don’t have that information."
Q20,"I’m sorry, but I don’t have that information."
